activemq,5.5.0-2
bind,9.3.6-20.P1.el5
bind-chroot,9.3.6-20.P1.el5
bind-chroot,9.3.6-21.P1.el5
bind-libs,9.3.6-20.P1.el5
bind-utils,9.3.6-20.P1.el5
couchbase-server,1.8.1-937
facter,1.6.4-0.1
graphviz,2.26.3-1.el5
graphviz-gd,2.26.3-1.el5
graphviz-graphs,2.12-8.el5
graphviz-perl,2.12-8.el5
graphviz-php,2.12-8.el5
graphviz-ruby,2.12-8.el5
graphviz-ruby,2.12-8.el5
graphviz-tcl,2.12-8.el5
hp-operations-agent.src,11-02.009
iplike,1.0.9-1
jdk,2000:1.6.0_25-fcs
kernel,2.6.18-274.17.1.el5
mcollective,2.0.0-1.el5
mcollective,2.0.0-1.el5
mcollective-client,2.0.0-1.el5
mcollective-common,2.0.0-1.el5
mod_geoip,1.2.5-2.el5
mod_jk,1.2.32-1
mod_ssl,2.2.3-45.el5
mod_wsgi,2.4.3-1
mod_wsgi,2.4.3-1
monit,4.10.1-8.el5
MQSeriesClient,7.0.1-3
MQSeriesSDK,7.0.1-3
mrepo,0.8.7-2.el5
opennms,1.10.0-2
opennms-config,1.0-29
opennms-plugins,1.10.0-2
oracleasm-2.6.18-274.17.1.el5,2.0.5-1.el5
oracleasmlib,2.0.4-1.el5
oracleasm-support,2.1.7-1.el5
oracleasm-support,2.1.7-1.el5
oracle-instantclient11.2-basic,11.2.0.3.0-1
oracle-instantclient11.2-sqlplus,11.2.0.3.0-1
oracle-instantclient-sqlplus,10.2.0.5-1
passenger,2.2.15-1
pdsh,2.27-1
perlbrew,0.28-1.el5
perl-Crypt-SSLeay,0.51-11.el5
perl-DBD-Oracle,1.44-1
perl-DBD-Oracle,1.44-1
perl-DBI,1.52
perl-libwww-perl,5.805-1.1.1
perl-Log-Log4perl,1.13-2.el5
perl-SOAP-Lite,0.712-5.el5
perl-URI,1.35-3
perl-WWW-Mechanize,1.49-1.el5
perl-XML-Parser,2.34-6.1.2.2.1
perl-XML-Twig,3.26-1.fc6
postfix,2.3.3-2.3.el5_6
postgresql,8.1.22-1.el5_5.1
postgresql84,8.4.5-1.el5_5.1
postgresql-server,8.1.22-1.el5_5.1
puppet,2.7.9-1
puppet-server,2.7.9-1
puppet-server,2.7.9-1
rrdtool,1.4.5-1.wrl
rrdtool-python,1.4.5-1.wrl
rubygem-fastthread,1.0.7-1.el5
rubygem-fastthread,1.0.7-1.el5
rubygem-rack,1.1.0-1
rubygem-rake,0.8.7-1
squid-2.6,STABLE21-6.el5
subversion,1.6.11-7.el5_6.4
tvl-air-book-branch,756-2
tvl-AirCheckoutProcessProject,11-1
tvl-AirCheckoutProcessProjectV2-0,2-11
tvl-airflexshoppingservice,75-10
tvl-airlinebranding-1.1,136-3
tvl-airshop-1.2,1069-4
tvl-airshop1.2-jcs,1072-1
tvl-BAM-CheckoutReports,23-2
tvl-BAM-Custom-Libraries,74-5
tvl-bam-intalio,1.0-1
tvl-BAM-Overlay,7-2
tvl-BookingService,144-7
tvl-BPM-Custom-Libraries,74-24
tvl-bpm-intalio,1.0-1
tvl-BPM-Overlay,23-7
tvl-calltracker,9-8
tvl-capone-jump,1.0-1
tvl-cars-backoffice,66-4
tvl-CCMTool,440-1
tvl-CheckoutCommonServices,3-9
tvl-cmdb,1.0-232
tvl-cms,61891-1
tvl-configupdater,80-1
tvl-cq-author,1.0-2
tvl-cq-publisher,1.0-2
tvl-cruise-image-services,42-9
tvl-cruise-schedulers,271-4
tvl-cruise-services-1.2,212-20
tvl-cruise-shopping-services,519-1
tvl-cs-ftd,24-10
tvl-cs-issue,2-15
tvl-DAMS-HotelMedia,122-1
tvl-deals-solr-slave,27-3
tvl-deals-solr-master,41-1
tvl-global-batch,321-1
tvl-deals-services,754-2
tvl-DRFAdmin,563-1
tvl-DRFAdserver,1177-1
tvl-DRFBatch,1177-1
tvl-dw-adapter,115-7
tvl-emt-12.10,3-1
tvl-eventmonitor,646-4
tvl-exfservice,283-5
tvl-FlightStats,48-12
tvl-FlightStatsData,25-5
tvl-gcg-batch,1962-6
tvl-gcgservice,1963-5
tvl-GCMTool,399-8
tvl-getpaid,1.0-1
tvl-getpaid2,1.0-1
tvl-ght-aggregator,578-1
tvl-ght-ahut-pms,729-1
tvl-ght-ahut-scm,729-1
tvl-ght-availability,430-8
tvl-ght-booking,785-2
tvl-ght-cache-queuebuilder,3-21
tvl-ght-cache-worker,3-21
tvl-ght-content,524-1
tvl-ght-dcpush-bms,599-1
tvl-ght-dcpush-scm,729-1
tvl-ght-extranet,738-1
tvl-ght-extranet-bms,738-1
tvl-ght-extranet-pms,738-1
tvl-ght-leadprice-availability,3-18
tvl-ght-leadprice-content,3-15
tvl-ght-leadprice-property-search,9-17
tvl-ght-leadprice-shopping,3-17
tvl-ght-location,430-5
tvl-ght-offline,738-1
tvl-ght-opstool,570-3
tvl-ght-pms,738-1
tvl-ght-property-search,430-4
tvl-ght-shopping,430-5
tvl-ght-testing,738-1
tvl-ght-sandbox,24-1
tvl-glct,243-11
tvl-gls-batch,706-1
tvl-gls-services,711-1
tvl-gls-solr-master,134-1
tvl-gls-solr-slave,134-1
tvl-gme,160-18
tvl-gt-cart-storage-jcs-app,1196-14
tvl-gt-gateway-stay-jcs-app,1662-5
tvl-gt-shop-drive-app-tag,383-5
tvl-gt-shop-go-app-tag,396-3
tvl-gt-shop-more-app-tag,388-2
tvl-gt-shop-pack-app-tag,195-15
tvl-gt-shopping-cart-tag,71-14
tvl-gt-shop-price-app-tag,198-12
tvl-gt-shop-stay-app-tag,392-3
tvl-gro-service,239-1
tvl-gro-plugin,402-1
tvl-gro-workbench,52-1
tvl-HCX-UI,213-1
tvl-HLP-UI,1592-5
tvl-hotel-booking,151-1
tvl-hotel-solr-slave,32-2
tvl-hoteltools,253-1
tvl-ibmmq,1.0-2
tvl-ibmmq-license,1.0-1
tvl-ibmmq-license,1.0-1
tvl-infocommand,1.0-2
tvl-infocommand,1.0-2
tvl-intalio,5.2.1.4-1
tvl-itinsvcs,111-7
tvl-itinsvcs-2.1,125-5
tvl-itinsvcs-3.0,22-3
tvl-jas,17-2
tvl-jboss,4.0.3-SP1.2
tvl-jboss-9090,1-1
tvl-jdk,tvl-jdk-1-5-1.5.0_06-2,tvl-jdk-1.6.0_04-1,tvl-jdk-1-6-1.6.0_17-1
tvl-keynote-agent,2.35.15-21
tvl-lastminute-webservices-wrapper,118-11
tvl-lead-price-aggregrator,229-1
tvl-lead-price-builder,174-2
tvl-lead-price-services,187-4
tvl-loyaltyprogram-2.0,10-13
tvl-merchandising-external-feeds,91-3
tvl-merchandising-feedbuilder,71-1
tvl-merchandising-solr-master-1.4,197-1
tvl-merchandising-solr-slave-1.4,197-2
tvl-merchandisingtools,304-1
tvl-milo1,1.0-1
tvl-milo,2.0-2
tvl-milo9570,1.0-1
tvl-miloarc,1.0-1
tvl-miloarc,1.0-1
tvl-milo-ofac,1.0-1
tvl-miloxfer,1.0-1
tvl-mod-dispatch,2.2.4.1.1-1
tvl-nexus,1.0-7
tvl-OPM,724-9
tvl-OPM-BATCH,1363-8
tvl-OPM-UI,976-1
tvl-opstest,1.0-11
tvl-oracle-client,11.2-1
tvl-orion-configuration-service-live,95-2
tvl-orion-configuration-service-preview,99-1
tvl-paymentauthentication,9-9
tvl-paymentgateway-7.0,129-1
tvl-percs-3.0,118-1
tvl-postgresql,1.0-1
tvl-PostTicketingProcess,4-11
tvl-preftool,202-3
tvl-profilerollprocess,7-9
tvl-profile-services-2.0,36-7
tvl-profile-services-3.0,94-6
tvl-promocode-3.0,23-5
tvl-promocode-tslide,174-3
tvl-promocode-2.0,7-4
tvl-promo-mgmt-tool,101-1
tvl-puppet-dashboard,1-1
tvl-puppet-report,1-1
tvl-robotconfig,39-1
tvl-rpt-approot,1.0-1
tvl-rpt-jboss,28-1
tvl-rpt-milo,28-3
tvl-rpt-tomcat,2.0-2
tvl-RSA-crypt-1.0,37-10
tvl-RSA-crypt-1.1,35-7
tvl-RSA-crypt,145-6
tvl-OrderUIComponentService,133-1
tvl-RuleServer,446-6
tvl-RuleServer-JBdeploy,432-13
tvl-security-2.1,83-5
tvl-ServiceGateway,109-4
tvl-ServiceGatewayConsole,66-7
tvl-session-1.0,88-8
tvl-session-2.1,50-11
tvl-SMC-Release,176-1
tvl-softvoyage,7-4
tvl-splitpay-refund-calculator,97-10
tvl-sso-service,223-3
tvl-subscription-management,140-7
tvl-sungard-milo,1.0-1
tvl-swc,47-9
tvl-test-service,1-1
tvl-tomcat,5.5.9-3
tvl-travelextras-2.2,136-3
tvl-travelextras,52-13
tvl-treeview-agent-bin,0.1-37
tvl-treeview-agent-config,0.1-369
tvl-treeview-agent-plugin,0.1-49
tvl-treeview-apache-conf,1.0-2
tvl-treeview-oncall-tool,1.0-2
tvl-treeview-server-bin,1.0-29
tvl-treeview-server-config,1.0-669
tvl-treeview-server-htdocs,1.0-10
tvl-treeview-server-tools,1.0-6
tvl-trips-ui-release3,575-7
tvl-trips-ui-js,8135-1
tvl-trips-ui-release1-js,8128-1
tvl-trips-ui-release2-js,8128-1
tvl-trips-ui-release3-js,8128-1
tvl-trips-ui-design,2756-1
tvl-tvly-best-salesservice-release,155-4
tvl-tvly-cc-mgmt-tool,16-5
tvl-TVLYCreditCard,248-3
tvl-ugc-api,105-10
tvl-ugc-solr-master-3.1.0,31-8
tvl-ugc-solr-slave-3.1.0,31-11
tvl-userservices-1.0,136-3
tvl-USS-Car-Location-Target,34-7
tvl-USS-Car-Target,93-5
tvl-USS-Hotel-Target,59-3
tvl-USS-Target,109-7
tvl-vincio,3.3.8-1
tvl-visualsciences,3.98-3
tvl-vpayment,211-4
tvl-webapp,13.1.50-1
tvl-xmlcrs,12.10.1-2
tvl-xmlcrs-elogger,11-2
tvl-DynamicRankingAutomation,80-1
tvl-Day-Hotel-Checkout,492-1
tvl-Day-Hotel-Checkout-Content,32-1
VMwareTools,8.6.5-821615

